title,company,location,date_posted,job_url,scraped_at
Python Developer,Capgemini,"New York, United States",2025-04-30,https://www.linkedin.com/jobs/view/python-developer-at-capgemini-4218326468?position=1&pageNum=0&refId=G4I1i4l4GMfKZtqHoW%2F9yw%3D%3D&trackingId=kWMAqXl1qX%2Fu7ydr7PA%2BTg%3D%3D,2025-05-25 05:01:31
Backend Developer (Python),Adapty.io,United States,2025-02-05,https://www.linkedin.com/jobs/view/backend-developer-python-at-adapty-io-4144057510?position=2&pageNum=0&refId=G4I1i4l4GMfKZtqHoW%2F9yw%3D%3D&trackingId=EwMqUK97GlqiruPniDTVlg%3D%3D,2025-05-25 05:01:31
Senior Python Engineer,Primer.ai,"San Francisco, CA",2025-05-09,https://www.linkedin.com/jobs/view/senior-python-engineer-at-primer-ai-4203504765?position=3&pageNum=0&refId=G4I1i4l4GMfKZtqHoW%2F9yw%3D%3D&trackingId=z4toKHLMvkNmk25gY1R%2B5g%3D%3D,2025-05-25 05:01:31
"Associate Software Engineer, Backend Python",PayPal,"San Jose, CA",2025-04-22,https://www.linkedin.com/jobs/view/associate-software-engineer-backend-python-at-paypal-4210753612?position=4&pageNum=0&refId=G4I1i4l4GMfKZtqHoW%2F9yw%3D%3D&trackingId=Yd7rhiun7UYi9FFS1VnurA%3D%3D,2025-05-25 05:01:31
"Software Engineer, Backend Python",PayPal,"San Jose, CA",2025-04-24,https://www.linkedin.com/jobs/view/software-engineer-backend-python-at-paypal-4210778790?position=5&pageNum=0&refId=G4I1i4l4GMfKZtqHoW%2F9yw%3D%3D&trackingId=smIbATlVHHl8t7RzmF9HpQ%3D%3D,2025-05-25 05:01:31
Python Developer,hackajob,"Philadelphia, PA",2025-05-12,https://www.linkedin.com/jobs/view/python-developer-at-hackajob-4228516580?position=6&pageNum=0&refId=G4I1i4l4GMfKZtqHoW%2F9yw%3D%3D&trackingId=2EK6WXGa7Zqoew01o%2BJmxA%3D%3D,2025-05-25 05:01:31
Python Developer,Capgemini,New York City Metropolitan Area,2025-05-02,https://www.linkedin.com/jobs/view/python-developer-at-capgemini-4221460462?position=7&pageNum=0&refId=G4I1i4l4GMfKZtqHoW%2F9yw%3D%3D&trackingId=P8bhqgAWg4khrbYc5uWzhw%3D%3D,2025-05-25 05:01:31
Jr. Software Engineer - Python,"Liquid Advertising, Inc.","Ann Arbor, MI",2025-04-12,https://www.linkedin.com/jobs/view/jr-software-engineer-python-at-liquid-advertising-inc-4225501366?position=8&pageNum=0&refId=G4I1i4l4GMfKZtqHoW%2F9yw%3D%3D&trackingId=oAFx3VD9zCWI1a%2Bc3u7i2Q%3D%3D,2025-05-25 05:01:31
Python Software Engineer,MORSE Corp,Greater Boston,2025-05-06,https://www.linkedin.com/jobs/view/python-software-engineer-at-morse-corp-4208452677?position=9&pageNum=0&refId=G4I1i4l4GMfKZtqHoW%2F9yw%3D%3D&trackingId=KsYp00NUB2nBCZYvezkUhw%3D%3D,2025-05-25 05:01:31
Junior Python Developer,Accenture Federal Services,"Chantilly, VA",2025-05-13,https://www.linkedin.com/jobs/view/junior-python-developer-at-accenture-federal-services-4228588322?position=10&pageNum=0&refId=G4I1i4l4GMfKZtqHoW%2F9yw%3D%3D&trackingId=fh3Yaxiamxrjy%2BaS%2FGMcVg%3D%3D,2025-05-25 05:01:31
"Software Engineer, Python - AI Training (Freelance, Remote)",Alignerr,"San Francisco, CA",2025-04-22,https://www.linkedin.com/jobs/view/software-engineer-python-ai-training-freelance-remote-at-alignerr-4210798841?position=11&pageNum=0&refId=G4I1i4l4GMfKZtqHoW%2F9yw%3D%3D&trackingId=6E%2F4cViMeSIPomU220aYvQ%3D%3D,2025-05-25 05:01:31
PYTHON DEVELOPER – DJANGO/FLASK,SpanIdea Systems,"Milpitas, CA",2024-05-06,https://www.linkedin.com/jobs/view/python-developer-%E2%80%93-django-flask-at-spanidea-systems-3919127797?position=12&pageNum=0&refId=G4I1i4l4GMfKZtqHoW%2F9yw%3D%3D&trackingId=%2F%2BepCdk4cYqEhwseN8jNfg%3D%3D,2025-05-25 05:01:31
Python Developer,"The Dignify Solutions, LLC","New York, NY",2025-04-11,https://www.linkedin.com/jobs/view/python-developer-at-the-dignify-solutions-llc-4224061943?position=13&pageNum=0&refId=G4I1i4l4GMfKZtqHoW%2F9yw%3D%3D&trackingId=whSlT2KHhSAxyCGkkPQw4g%3D%3D,2025-05-25 05:01:31
Python Developer,Saransh Inc,"Jersey City, NJ",2025-05-22,https://www.linkedin.com/jobs/view/python-developer-at-saransh-inc-4233297244?position=14&pageNum=0&refId=G4I1i4l4GMfKZtqHoW%2F9yw%3D%3D&trackingId=22PWDOu3d5TKEtbxz%2B5dkw%3D%3D,2025-05-25 05:01:31
Software Engineer (Python),Garda Capital Partners,"New York, NY",2024-11-04,https://www.linkedin.com/jobs/view/software-engineer-python-at-garda-capital-partners-4068286625?position=15&pageNum=0&refId=G4I1i4l4GMfKZtqHoW%2F9yw%3D%3D&trackingId=GeAkX%2Bl7rFnMIykEZIDewg%3D%3D,2025-05-25 05:01:31
Python Developer,PureLogics,"Texas, United States",2025-05-16,https://www.linkedin.com/jobs/view/python-developer-at-purelogics-4229270307?position=16&pageNum=0&refId=G4I1i4l4GMfKZtqHoW%2F9yw%3D%3D&trackingId=1KnP7REVxSKFIUSBmgwuFw%3D%3D,2025-05-25 05:01:31
PYTHON DEVELOPER – SERVER SIDE,SpanIdea Systems,"Milpitas, CA",2024-05-06,https://www.linkedin.com/jobs/view/python-developer-%E2%80%93-server-side-at-spanidea-systems-3919129316?position=17&pageNum=0&refId=G4I1i4l4GMfKZtqHoW%2F9yw%3D%3D&trackingId=j9kAKTDyUTNpah72FLmmew%3D%3D,2025-05-25 05:01:31
Python Developer,"The Dignify Solutions, LLC","New York, NY",2025-04-11,https://www.linkedin.com/jobs/view/python-developer-at-the-dignify-solutions-llc-4224065627?position=18&pageNum=0&refId=G4I1i4l4GMfKZtqHoW%2F9yw%3D%3D&trackingId=nBKtZwSylbWnv1zM%2BPlxcQ%3D%3D,2025-05-25 05:01:31
Backend + ML Engineer,Kino AI,"San Francisco, CA",2025-02-18,https://www.linkedin.com/jobs/view/backend-%2B-ml-engineer-at-kino-ai-4153684130?position=19&pageNum=0&refId=G4I1i4l4GMfKZtqHoW%2F9yw%3D%3D&trackingId=XYgyP5JoATlT7KhG8VkugQ%3D%3D,2025-05-25 05:01:31
Python Software Engineer II,JPMorganChase,"New York, NY",2025-05-15,https://www.linkedin.com/jobs/view/python-software-engineer-ii-at-jpmorganchase-4230910713?position=20&pageNum=0&refId=G4I1i4l4GMfKZtqHoW%2F9yw%3D%3D&trackingId=Gi6OnRdK1f1JyPXJ3128wg%3D%3D,2025-05-25 05:01:31
Python Software Engineer,Old Mission,"New York, NY",2025-05-06,https://www.linkedin.com/jobs/view/python-software-engineer-at-old-mission-3843330631?position=21&pageNum=0&refId=G4I1i4l4GMfKZtqHoW%2F9yw%3D%3D&trackingId=Xbb84cfg0J%2BRogXn9nQxkQ%3D%3D,2025-05-25 05:01:31
Associate - Backend Python Developer - Parametric,Morgan Stanley,"Seattle, WA",2025-05-05,https://www.linkedin.com/jobs/view/associate-backend-python-developer-parametric-at-morgan-stanley-4222356169?position=22&pageNum=0&refId=G4I1i4l4GMfKZtqHoW%2F9yw%3D%3D&trackingId=tHVN3UlM7hfLsBljtndBiA%3D%3D,2025-05-25 05:01:31
Python Developer,Macquarie Group,"New York, United States",2025-05-24,https://www.linkedin.com/jobs/view/python-developer-at-macquarie-group-4220220923?position=23&pageNum=0&refId=G4I1i4l4GMfKZtqHoW%2F9yw%3D%3D&trackingId=wvWc8qNTo9j2dvl2vyA0GQ%3D%3D,2025-05-25 05:01:31
Python Software Engineer,Old Mission,"Chicago, IL",2025-05-24,https://www.linkedin.com/jobs/view/python-software-engineer-at-old-mission-3761765202?position=24&pageNum=0&refId=G4I1i4l4GMfKZtqHoW%2F9yw%3D%3D&trackingId=tMnY6sBXH0%2FhCYheFIK3KA%3D%3D,2025-05-25 05:01:31
Software Engineer (Python),Garda Capital Partners,"Wayzata, MN",2024-11-04,https://www.linkedin.com/jobs/view/software-engineer-python-at-garda-capital-partners-4068292210?position=25&pageNum=0&refId=G4I1i4l4GMfKZtqHoW%2F9yw%3D%3D&trackingId=WGAA%2BeelQ9uUyXDjlYFl%2Fw%3D%3D,2025-05-25 05:01:31
Python Developer,Synechron,"Jersey City, NJ",2025-05-06,https://www.linkedin.com/jobs/view/python-developer-at-synechron-4222271214?position=26&pageNum=0&refId=G4I1i4l4GMfKZtqHoW%2F9yw%3D%3D&trackingId=BaZjg33BJ8QDL4s5HerhVQ%3D%3D,2025-05-25 05:01:31
Python Developer,mthree,New York City Metropolitan Area,2025-05-20,https://www.linkedin.com/jobs/view/python-developer-at-mthree-4222699813?position=27&pageNum=0&refId=G4I1i4l4GMfKZtqHoW%2F9yw%3D%3D&trackingId=rBzdZkSE4F4JI8tE%2FBd6OQ%3D%3D,2025-05-25 05:01:31
Python Developer,Veracity Software Inc,"New York, NY",2025-05-14,https://www.linkedin.com/jobs/view/python-developer-at-veracity-software-inc-4227538204?position=28&pageNum=0&refId=G4I1i4l4GMfKZtqHoW%2F9yw%3D%3D&trackingId=CxmJwOEVsQGsT24luLMt7Q%3D%3D,2025-05-25 05:01:31
New python developer,Comeet App Middleware Test Company,"New York, United States",2025-04-28,https://www.linkedin.com/jobs/view/new-python-developer-at-comeet-app-middleware-test-company-4216103878?position=29&pageNum=0&refId=G4I1i4l4GMfKZtqHoW%2F9yw%3D%3D&trackingId=IEY2cJGHQXs%2Fr2Vv4WHICA%3D%3D,2025-05-25 05:01:31
Python Developer,Synechron,"New York, United States",2025-05-09,https://www.linkedin.com/jobs/view/python-developer-at-synechron-4212086356?position=30&pageNum=0&refId=G4I1i4l4GMfKZtqHoW%2F9yw%3D%3D&trackingId=XAVxn%2BrTiLAiPzpVtsY2DQ%3D%3D,2025-05-25 05:01:31
Python Developer,Open Systems Technologies,"New York, NY",2025-05-14,https://www.linkedin.com/jobs/view/python-developer-at-open-systems-technologies-3952275643?position=31&pageNum=0&refId=G4I1i4l4GMfKZtqHoW%2F9yw%3D%3D&trackingId=I3hN6Mc1IDQ0A953%2BCE7hA%3D%3D,2025-05-25 05:01:31
Python/ Django Developer,Prixa,"Headquarters, KY",2025-04-15,https://www.linkedin.com/jobs/view/python-django-developer-at-prixa-4208875652?position=32&pageNum=0&refId=G4I1i4l4GMfKZtqHoW%2F9yw%3D%3D&trackingId=y55u1F8986QlDegjlfmXhw%3D%3D,2025-05-25 05:01:31
Python Developer,Tactibit Technologies,"Suitland, MD",2024-12-15,https://www.linkedin.com/jobs/view/python-developer-at-tactibit-technologies-4121519145?position=33&pageNum=0&refId=G4I1i4l4GMfKZtqHoW%2F9yw%3D%3D&trackingId=%2BHbJt18glaOmwHc4cYhWUg%3D%3D,2025-05-25 05:01:31
Python Developer,Sense & Respond Software LLC,"Alpharetta, GA",2025-04-08,https://www.linkedin.com/jobs/view/python-developer-at-sense-respond-software-llc-4203765005?position=34&pageNum=0&refId=G4I1i4l4GMfKZtqHoW%2F9yw%3D%3D&trackingId=XmYbHD5SSdB6Hx0Bfzxs2A%3D%3D,2025-05-25 05:01:31
Software Engineer (Python/C++),Virtu Financial,"New York, United States",2024-12-06,https://www.linkedin.com/jobs/view/software-engineer-python-c%2B%2B-at-virtu-financial-4093113623?position=35&pageNum=0&refId=G4I1i4l4GMfKZtqHoW%2F9yw%3D%3D&trackingId=GsbOkp%2FQ%2Bst7RspRZ4bY4w%3D%3D,2025-05-25 05:01:31
Python Engineer (Remote),Veeva Consumer Products,United States,2025-04-29,https://www.linkedin.com/jobs/view/python-engineer-remote-at-veeva-consumer-products-4217370044?position=36&pageNum=0&refId=G4I1i4l4GMfKZtqHoW%2F9yw%3D%3D&trackingId=xrG99ioC6PjmCf%2BwDgt%2Fgw%3D%3D,2025-05-25 05:01:31
Python Developer - Remote,"The Dignify Solutions, LLC","Houston, TX",2025-04-11,https://www.linkedin.com/jobs/view/python-developer-remote-at-the-dignify-solutions-llc-4224067515?position=37&pageNum=0&refId=G4I1i4l4GMfKZtqHoW%2F9yw%3D%3D&trackingId=vlle1FfTi1B93mjbZMFrDQ%3D%3D,2025-05-25 05:01:31
Python Engineer (Remote),Veeva Consumer Products,United States,2025-04-29,https://www.linkedin.com/jobs/view/python-engineer-remote-at-veeva-consumer-products-4217367493?position=38&pageNum=0&refId=G4I1i4l4GMfKZtqHoW%2F9yw%3D%3D&trackingId=KcI3mPGwOzOhDu3VEXCY4w%3D%3D,2025-05-25 05:01:31
Python Developer,Sky Systems,"Juno Beach, FL",2025-05-22,https://www.linkedin.com/jobs/view/python-developer-at-sky-systems-4232851143?position=39&pageNum=0&refId=G4I1i4l4GMfKZtqHoW%2F9yw%3D%3D&trackingId=LP6Cl%2BivXJAIgISYgPELag%3D%3D,2025-05-25 05:01:31
Python Engineer (Remote),Veeva Consumer Products,United States,2025-04-29,https://www.linkedin.com/jobs/view/python-engineer-remote-at-veeva-consumer-products-4217368412?position=40&pageNum=0&refId=G4I1i4l4GMfKZtqHoW%2F9yw%3D%3D&trackingId=TzcWTJHxouDKPBDjFlkb8Q%3D%3D,2025-05-25 05:01:31
Python Developer,Capgemini,"Charlotte, NC",2025-05-06,https://www.linkedin.com/jobs/view/python-developer-at-capgemini-4222858249?position=41&pageNum=0&refId=G4I1i4l4GMfKZtqHoW%2F9yw%3D%3D&trackingId=0r4APUqM7O7ASR8zutWROQ%3D%3D,2025-05-25 05:01:31
Python Developer,Saransh Inc,"Houston, TX",2025-05-20,https://www.linkedin.com/jobs/view/python-developer-at-saransh-inc-4233809704?position=42&pageNum=0&refId=G4I1i4l4GMfKZtqHoW%2F9yw%3D%3D&trackingId=4wwdPMbL2YJqLFHn5YCJzA%3D%3D,2025-05-25 05:01:31
Python Developer,INSPYR Solutions,"Denver, CO",2025-05-13,https://www.linkedin.com/jobs/view/python-developer-at-inspyr-solutions-4229350239?position=43&pageNum=0&refId=G4I1i4l4GMfKZtqHoW%2F9yw%3D%3D&trackingId=PwlT1ngQ1yZiA3v6Rtzd5g%3D%3D,2025-05-25 05:01:31
Python Engineer,ModeSens,United States,2025-05-15,https://www.linkedin.com/jobs/view/python-engineer-at-modesens-4228378549?position=44&pageNum=0&refId=G4I1i4l4GMfKZtqHoW%2F9yw%3D%3D&trackingId=FBkHsI8ii9N93PCnuxrP8w%3D%3D,2025-05-25 05:01:31
Python Software Engineer,UKG,"Lowell, MA",2025-05-09,https://www.linkedin.com/jobs/view/python-software-engineer-at-ukg-4224211864?position=45&pageNum=0&refId=G4I1i4l4GMfKZtqHoW%2F9yw%3D%3D&trackingId=rx%2BXr%2Ffnz9wRZuR74N0JrA%3D%3D,2025-05-25 05:01:31
Python Developer,Lensa,United States,2025-05-22,https://www.linkedin.com/jobs/view/python-developer-at-lensa-4234743242?position=46&pageNum=0&refId=G4I1i4l4GMfKZtqHoW%2F9yw%3D%3D&trackingId=1sEUf4GC6ESX2uYTXos7dQ%3D%3D,2025-05-25 05:01:31
Python Developer,Compunnel Inc.,"Reston, VA",2025-04-23,https://www.linkedin.com/jobs/view/python-developer-at-compunnel-inc-4215393208?position=47&pageNum=0&refId=G4I1i4l4GMfKZtqHoW%2F9yw%3D%3D&trackingId=xkpSj%2BDdm4lkFrmKvOmUpg%3D%3D,2025-05-25 05:01:31
Python Developer,Synechron,"Jersey City, NJ",2025-04-16,https://www.linkedin.com/jobs/view/python-developer-at-synechron-4153238038?position=48&pageNum=0&refId=G4I1i4l4GMfKZtqHoW%2F9yw%3D%3D&trackingId=keDfI2L6vnwhvmIkRYHnPw%3D%3D,2025-05-25 05:01:31
Backend AI Engineer [Recent Grad],Standard Practice,"New York, NY",2025-04-07,https://www.linkedin.com/jobs/view/backend-ai-engineer-recent-grad-at-standard-practice-4203444655?position=49&pageNum=0&refId=G4I1i4l4GMfKZtqHoW%2F9yw%3D%3D&trackingId=LgF7gmO%2BER%2B%2BecMrYDwOrA%3D%3D,2025-05-25 05:01:31
Software Engineer - LAMPhp / Python,Spectrum,"Greenwood Village, CO",2025-05-14,https://www.linkedin.com/jobs/view/software-engineer-lamphp-python-at-spectrum-4229635420?position=50&pageNum=0&refId=G4I1i4l4GMfKZtqHoW%2F9yw%3D%3D&trackingId=%2FLJcjn8wH%2FtCCLVVhBCYwg%3D%3D,2025-05-25 05:01:31
Python Developer,Tata Consultancy Services,"Alpharetta, GA",2025-05-18,https://www.linkedin.com/jobs/view/python-developer-at-tata-consultancy-services-4215286486?position=51&pageNum=0&refId=G4I1i4l4GMfKZtqHoW%2F9yw%3D%3D&trackingId=cSGCLVI7VG9X6Ekbu77Wgw%3D%3D,2025-05-25 05:01:31
Python Developer,Tata Consultancy Services,"Alpharetta, GA",2025-05-18,https://www.linkedin.com/jobs/view/python-developer-at-tata-consultancy-services-4215288185?position=52&pageNum=0&refId=G4I1i4l4GMfKZtqHoW%2F9yw%3D%3D&trackingId=RS7wvhLzkzuce7u%2FxGjPlg%3D%3D,2025-05-25 05:01:31
PYTHON DEVELOPER,BTree Solutions,"Richmond, VA",2025-05-17,https://www.linkedin.com/jobs/view/python-developer-at-btree-solutions-4232022877?position=53&pageNum=0&refId=G4I1i4l4GMfKZtqHoW%2F9yw%3D%3D&trackingId=3N5Q8%2FUp8FG3pkpvOMKd4A%3D%3D,2025-05-25 05:01:31
Python Full Stack Developer,Capgemini,"Irving, TX",2025-04-29,https://www.linkedin.com/jobs/view/python-full-stack-developer-at-capgemini-4214690892?position=54&pageNum=0&refId=G4I1i4l4GMfKZtqHoW%2F9yw%3D%3D&trackingId=G39UaEQ0LjAIDcir5hPGjA%3D%3D,2025-05-25 05:01:31
Python Developer,Mercor,United States,2025-05-22,https://www.linkedin.com/jobs/view/python-developer-at-mercor-4234888841?position=55&pageNum=0&refId=G4I1i4l4GMfKZtqHoW%2F9yw%3D%3D&trackingId=mXw43i%2BnwN4a%2BrsDnArI0Q%3D%3D,2025-05-25 05:01:31
Python Developer,Veracity Software Inc,"New York County, NY",2025-05-16,https://www.linkedin.com/jobs/view/python-developer-at-veracity-software-inc-4229059794?position=56&pageNum=0&refId=G4I1i4l4GMfKZtqHoW%2F9yw%3D%3D&trackingId=2twsTPJqgiUqEAFOSAqzaA%3D%3D,2025-05-25 05:01:31
Python Developer,Synechron,"Iselin, NJ",2025-04-24,https://www.linkedin.com/jobs/view/python-developer-at-synechron-4153234150?position=57&pageNum=0&refId=G4I1i4l4GMfKZtqHoW%2F9yw%3D%3D&trackingId=Cy0maYImbKWmCH7zmIirjQ%3D%3D,2025-05-25 05:01:31
Python Software Engineer III,JPMorganChase,"Jersey City, NJ",2025-05-08,https://www.linkedin.com/jobs/view/python-software-engineer-iii-at-jpmorganchase-4225733726?position=58&pageNum=0&refId=G4I1i4l4GMfKZtqHoW%2F9yw%3D%3D&trackingId=eZ%2Ft3uQP2VHnuEVn%2BUf6JQ%3D%3D,2025-05-25 05:01:31
Back End Engineer,Barstool Sports,"New York, NY",2025-04-11,https://www.linkedin.com/jobs/view/back-end-engineer-at-barstool-sports-4207128757?position=59&pageNum=0&refId=G4I1i4l4GMfKZtqHoW%2F9yw%3D%3D&trackingId=97UEoodU9R3lxY7oTrqoqA%3D%3D,2025-05-25 05:01:31
Python Developer,Credibly,United States,2025-05-08,https://www.linkedin.com/jobs/view/python-developer-at-credibly-4225346510?position=60&pageNum=0&refId=G4I1i4l4GMfKZtqHoW%2F9yw%3D%3D&trackingId=pQMzYq4qlVPzoXBvxhUTmw%3D%3D,2025-05-25 05:01:31
